CREATE TABLE Company (
    company_code VARCHAR(10),
    founder VARCHAR(50)
);

CREATE TABLE Lead_Manager (
    lead_manager_code VARCHAR(10),
    company_code VARCHAR(10)
);

CREATE TABLE Senior_Manager (
    senior_manager_code VARCHAR(10),
    lead_manager_code VARCHAR(10),
    company_code VARCHAR(10)
);

CREATE TABLE Manager (
    manager_code VARCHAR(10),
    senior_manager_code VARCHAR(10),
    lead_manager_code VARCHAR(10),
    company_code VARCHAR(10)
);

CREATE TABLE Employee (
    employee_code VARCHAR(10),
    manager_code VARCHAR(10),
    senior_manager_code VARCHAR(10),
    lead_manager_code VARCHAR(10),
    company_code VARCHAR(10)
);

-- Company Table
INSERT INTO Company VALUES 
('C1', 'Monika'),
('C2', 'Samantha');
select *from Company;

-- Lead_Manager Table
INSERT INTO Lead_Manager VALUES 
('LM1', 'C1'),
('LM2', 'C2');
select *from Lead_Manager;

-- Senior_Manager Table
INSERT INTO Senior_Manager VALUES 
('SM1', 'LM1', 'C1'),
('SM2', 'LM1', 'C1'),
('SM3', 'LM2', 'C2');
select *from Senior_Manager;

-- Manager Table
INSERT INTO Manager VALUES 
('M1', 'SM1', 'LM1', 'C1'),
('M2', 'SM3', 'LM2', 'C2'),
('M3', 'SM3', 'LM2', 'C2');
select *from Manager;

-- Employee Table
INSERT INTO Employee VALUES 
('E1', 'M1', 'SM1', 'LM1', 'C1'),
('E2', 'M1', 'SM1', 'LM1', 'C1'),
('E3', 'M2', 'SM3', 'LM2', 'C2'),
('E4', 'M3', 'SM3', 'LM2', 'C2');
select *from Employee;

SELECT 
    c.company_code,
    c.founder,
    COUNT(DISTINCT lm.lead_manager_code) AS total_lead_managers,
    COUNT(DISTINCT sm.senior_manager_code) AS total_senior_managers,
    COUNT(DISTINCT m.manager_code) AS total_managers,
    COUNT(DISTINCT e.employee_code) AS total_employees
FROM Company c
LEFT JOIN Lead_Manager lm ON c.company_code = lm.company_code
LEFT JOIN Senior_Manager sm ON c.company_code = sm.company_code
LEFT JOIN Manager m ON c.company_code = m.company_code
LEFT JOIN Employee e ON c.company_code = e.company_code
GROUP BY c.company_code, c.founder
ORDER BY c.company_code;
